c360.amanda@gmail.com,Amanda,Admin,Admin
c360.basic@gmail.com,Test,Admin,Basic
c360.braden@gmail.com,Braden,Admin,Admin
c360.brendan@gmail.com,Brendan,Admin,Admin
c360.george@gmail.com,George,Admin,Admin
c360.instadm@gmail.com,Institutional,Admin,Admin
c360.jason@gmail.com,Jason,Admin,Admin
c360.kyle@gmail.com,Kyle,Admin,Admin
c360.neha@gmail.com,Neha,Admin,Admin
c360.sepideh@gmail.com,Sepideh,Admin,Admin
c360.steve@gmail.com,Steve,Admin,Admin
